{"cameraMode":{"drawMode":0,"name":"Shaded","section":"Shading Mode"},"sceneLighting":true,"audioPlay":false,"sceneViewState":{"showFog":true,"showMaterialUpdate":false,"showSkybox":true,"showFlares":true,"showImageEffects":true,"showParticleSystems":true,"showVisualEffectGraphs":true,"m_FxEnabled":false},"in2DMode":false,"pivot":{"x":-0.15094172954559327,"y":0.7770696878433228,"z":0.35892772674560549},"rotation":{"x":-0.1317828744649887,"y":0.7766032218933106,"z":-0.17310069501399995,"w":-0.5912341475486755},"size":0.9424924254417419,"orthographic":false}